date,national_demand,wind_generation,solar_generation,daily_average_forecast_carbon_intensity,daily_average_actual_carbon_intensity,sap_actual_p_per_kwh,sap_7day_rolling_average_p_per_kwh,day,month,weekday,weekday_number,is_weekend
2023-01-01,24189.979166666668,1733.2083333333333,245.72916666666663,106.58333333333333,107.89583333333333,5.7764,5.9602,1,1,Sunday,6,True
2023-01-02,27005.520833333332,1122.4166666666667,733.75,164.10416666666666,157.0625,5.9978,5.9704,2,1,Monday,0,False
2023-01-03,29646.3125,2927.6875,92.47916666666669,100.5,101.60416666666667,5.6898,5.9326,3,1,Tuesday,1,False
2023-01-04,27967.145833333332,3670.3125,336.7291666666667,65.16666666666667,65.5,5.0746,5.8222,4,1,Wednesday,2,False
2023-01-05,29392.5,2528.2291666666665,228.47916666666663,103.83333333333333,105.22916666666667,5.0837,5.7133,5,1,Thursday,3,False
2023-01-06,28316.125,3102.8541666666665,463.3958333333333,84.16666666666667,85.04166666666667,5.1781,5.6238,6,1,Friday,4,False
2023-01-07,25280.9375,3435.125,245.91666666666663,61.333333333333336,64.47916666666667,5.6533,5.53,7,1,Saturday,5,True
2023-01-08,26629.479166666668,3074.6458333333335,316.8958333333333,69.08333333333333,69.66666666666667,5.8583,5.4934,8,1,Sunday,6,True
2023-01-09,30403.104166666668,2832.2291666666665,586.2708333333334,77.95833333333333,83.83333333333333,5.8128,5.5051,9,1,Monday,0,False
2023-01-10,31143.895833333332,3470.0,60.041666666666664,78.5,81.125,5.6208,5.4787,10,1,Tuesday,1,False
2023-01-11,29849.6875,3869.8958333333335,452.2083333333333,67.72916666666667,71.47916666666667,5.4858,5.4688,11,1,Wednesday,2,False
2023-01-12,30083.520833333332,3594.1041666666665,184.95833333333337,75.77083333333333,76.8125,5.6646,5.5275,12,1,Thursday,3,False
2023-01-13,29244.958333333332,3487.875,646.0208333333334,82.08333333333333,85.02083333333333,5.5287,5.6105,13,1,Friday,4,False
2023-01-14,26709.229166666668,3664.0625,265.7083333333333,64.1875,63.0,5.4769,5.6606,14,1,Saturday,5,True
2023-01-15,27734.791666666668,2670.7291666666665,639.1041666666666,114.6875,117.91666666666667,5.6585,5.6354,15,1,Sunday,6,True
2023-01-16,33672.125,1636.875,624.8541666666666,181.45833333333334,179.47916666666666,5.2956,5.6069,16,1,Monday,0,False
2023-01-17,35442.354166666664,1541.0625,860.8333333333334,208.70833333333334,207.41666666666666,5.1855,5.533,17,1,Tuesday,1,False
2023-01-18,34685.1875,2478.7291666666665,931.9583333333334,160.125,166.5625,5.3021,5.4708,18,1,Wednesday,2,False
2023-01-19,34829.125,1772.8333333333333,1061.9166666666667,204.79166666666666,207.125,5.3267,5.4446,19,1,Thursday,3,False
2023-01-20,34210.4375,1213.8125,1143.5833333333333,211.54166666666666,210.0,5.4732,5.3963,20,1,Friday,4,False
2023-01-21,31438.791666666668,1732.0208333333333,999.5208333333334,197.39583333333334,192.1875,5.6976,5.3884,21,1,Saturday,5,True
2023-01-22,31328.208333333332,1738.6666666666667,597.2708333333334,192.70833333333334,191.3125,6.1565,5.4199,22,1,Sunday,6,True
2023-01-23,35039.020833333336,1127.4375,865.6458333333334,242.45833333333334,242.9375,5.8806,5.491,23,1,Monday,0,False
2023-01-24,35124.4375,996.8333333333334,807.3541666666666,246.0,243.64583333333334,5.1437,5.5746,24,1,Tuesday,1,False
2023-01-25,34792.0625,1930.0416666666667,237.5625,210.22916666666666,214.0625,5.1564,5.5686,25,1,Wednesday,2,False
2023-01-26,34143.208333333336,1339.7916666666667,599.6041666666666,196.47916666666666,204.7674418604651,4.9906,5.5478,26,1,Thursday,3,False
2023-01-27,34123.4375,873.6458333333334,517.2291666666666,227.0,237.27083333333334,5.1437,5.4998,27,1,Friday,4,False
2023-01-28,31320.104166666668,746.875,376.9583333333333,255.35416666666666,249.1875,4.8627,5.4527,28,1,Saturday,5,True
2023-01-29,27744.083333333332,2903.1458333333335,450.6458333333333,106.29166666666667,104.22916666666667,4.6852,5.3335,29,1,Sunday,6,True
2023-01-30,30565.104166666668,2661.8333333333335,1121.125,142.33333333333334,144.3125,4.8194,5.1233,30,1,Monday,0,False
2023-01-31,29862.583333333332,3767.9791666666665,925.5416666666666,110.125,111.85416666666667,5.0169,4.9717,31,1,Tuesday,1,False
2023-02-01,30107.75,3445.8958333333335,688.2083333333334,88.0625,87.45833333333333,5.2649,4.9536,1,2,Wednesday,2,False
2023-02-02,29771.333333333332,3462.125,511.4583333333333,83.91666666666667,96.89583333333333,5.0372,4.9691,2,2,Thursday,3,False
2023-02-03,29484.666666666668,2371.8333333333335,539.7083333333334,114.33333333333333,116.29166666666667,5.1112,4.9757,3,2,Friday,4,False
2023-02-04,27871.833333333332,1798.6041666666667,220.29166666666663,134.35416666666666,127.625,5.3017,4.9711,4,2,Saturday,5,True
2023-02-05,28041.354166666668,1261.6875,1261.0625,132.60416666666666,131.54166666666666,5.5399,5.0338,5,2,Sunday,6,True
2023-02-06,31858.375,1263.125,1588.7708333333333,208.20833333333334,212.0,5.347,5.1559,6,2,Monday,0,False
2023-02-07,32794.770833333336,828.75,1310.5625,255.6875,248.10416666666666,4.9653,5.2313,7,2,Tuesday,1,False
2023-02-08,31780.875,2432.1875,1349.3333333333333,182.77083333333334,183.47916666666666,4.7297,5.2239,8,2,Wednesday,2,False
2023-02-09,31520.083333333332,1951.0,1333.6041666666667,182.14583333333334,183.10416666666666,4.6503,5.1474,9,2,Thursday,3,False
2023-02-10,31042.5,2634.5208333333335,782.6458333333334,149.72916666666666,152.04166666666666,4.8045,5.0922,10,2,Friday,4,False
2023-02-11,28143.729166666668,1350.7708333333333,435.2291666666667,169.4375,174.33333333333334,4.6578,5.0483,11,2,Saturday,5,True
2023-02-12,28129.0,1001.7708333333334,335.25,215.25,216.14583333333334,4.5557,4.9564,12,2,Sunday,6,True
2023-02-13,30433.229166666668,1136.2083333333333,1322.1875,239.27083333333334,242.66666666666666,4.4833,4.8158,13,2,Monday,0,False
2023-02-14,31021.354166666668,1648.4583333333333,1259.1666666666667,216.52083333333334,226.54166666666666,4.5649,4.6924,14,2,Tuesday,1,False
2023-02-15,30010.9375,2233.875,1164.8541666666667,133.39583333333334,160.70833333333334,4.6714,4.6352,15,2,Wednesday,2,False
2023-02-16,30374.583333333332,1808.0,418.8541666666667,150.41666666666666,158.77083333333334,4.4046,4.6268,16,2,Thursday,3,False
2023-02-17,27381.6875,3443.4375,773.875,105.52083333333333,101.77083333333333,4.1138,4.5917,17,2,Friday,4,False
2023-02-18,25304.541666666668,2395.6458333333335,569.6458333333334,93.33333333333333,94.20833333333333,4.0518,4.4931,18,2,Saturday,5,True
2023-02-19,24233.145833333332,2507.3541666666665,1394.1458333333333,96.47916666666667,105.08333333333333,4.0283,4.4065,19,2,Sunday,6,True
2023-02-20,27629.854166666668,3231.9791666666665,1078.7916666666667,100.9375,113.83333333333333,4.1076,4.3312,20,2,Monday,0,False
2023-02-21,30124.020833333332,1468.3125,666.8958333333334,172.47916666666666,201.5,4.3462,4.2775,21,2,Tuesday,1,False
2023-02-22,30365.375,1649.3958333333333,659.8333333333334,218.39583333333334,220.35416666666666,4.2262,4.2462,22,2,Wednesday,2,False
2023-02-23,30447.0,1882.5208333333333,1038.4583333333333,177.04166666666666,177.97916666666666,4.4584,4.1826,23,2,Thursday,3,False
2023-02-24,30149.270833333332,2215.5833333333335,865.0416666666666,136.1875,131.22916666666666,4.5793,4.1903,24,2,Friday,4,False
2023-02-25,27893.229166666668,1815.6458333333333,967.2291666666666,122.95833333333333,120.20833333333333,4.4448,4.2568,25,2,Saturday,5,True
2023-02-26,27702.270833333332,1166.6875,1447.5,167.29166666666666,170.3125,4.4524,4.313,26,2,Sunday,6,True
2023-02-27,32134.333333333332,1009.5833333333334,1008.9791666666666,239.54166666666666,241.08333333333334,4.2583,4.3736,27,2,Monday,0,False
2023-02-28,32316.395833333332,1288.875,693.1458333333334,250.14583333333334,250.47916666666666,4.144,4.3951,28,2,Tuesday,1,False
2023-03-01,31967.583333333332,1630.0208333333333,741.4791666666666,231.77083333333334,229.9375,4.2508,4.3662,1,3,Wednesday,2,False
2023-03-02,31807.916666666668,877.7916666666666,1526.3541666666667,247.52083333333334,247.375,4.3259,4.3697,2,3,Thursday,3,False
2023-03-03,32557.0,725.8958333333334,578.9791666666666,251.3125,249.3125,4.2215,4.3508,3,3,Friday,4,False
2023-03-04,29705.354166666668,538.3958333333334,527.8125,240.02083333333334,238.04166666666666,4.3246,4.2997,4,3,Saturday,5,True
2023-03-05,29436.0,483.75,544.7708333333334,243.9375,243.85416666666666,4.3304,4.2825,5,3,Sunday,6,True
2023-03-06,32192.5,1789.7916666666667,754.5625,224.04166666666666,223.3125,4.0239,4.2651,6,3,Monday,0,False
2023-03-07,32505.833333333332,895.1666666666666,1372.3541666666667,250.79166666666666,257.1041666666667,4.145,4.2316,7,3,Tuesday,1,False
2023-03-08,34467.25,1339.7291666666667,539.8125,241.58333333333334,235.08333333333334,4.0816,4.2317,8,3,Wednesday,2,False
2023-03-09,34015.1875,1861.7291666666667,356.1875,192.70833333333334,187.5,4.0005,4.2076,9,3,Thursday,3,False
2023-03-10,32245.479166666668,1612.2083333333333,1298.7291666666667,159.375,159.375,4.4084,4.1611,10,3,Friday,4,False
2023-03-11,29414.270833333332,1293.0208333333333,1382.3125,197.4375,185.52083333333334,4.5827,4.1878,11,3,Saturday,5,True
2023-03-12,25847.333333333332,2662.1041666666665,1198.9166666666667,70.8125,70.27083333333333,4.3641,4.2246,12,3,Sunday,6,True
2023-03-13,27563.395833333332,3926.6041666666665,978.2916666666666,61.3125,63.229166666666664,4.2586,4.2295,13,3,Monday,0,False
2023-03-14,29775.354166666668,2112.4375,1853.6458333333333,123.14583333333333,129.5,3.9126,4.263,14,3,Tuesday,1,False
2023-03-15,32105.791666666668,1494.7708333333333,1084.0,201.58333333333334,193.4375,3.8679,4.2298,15,3,Wednesday,2,False
2023-03-16,29395.645833333332,2532.8958333333335,733.125,102.1875,100.08333333333333,3.6698,4.1993,16,3,Thursday,3,False
2023-03-17,28545.375,1278.8541666666667,1196.7291666666667,163.41666666666666,167.72916666666666,3.5555,4.152,17,3,Friday,4,False
2023-03-18,25855.708333333332,1016.8125,1146.375,169.0,159.1875,3.5183,4.0302,18,3,Saturday,5,True
2023-03-19,24941.708333333332,1189.4583333333333,1560.8333333333333,159.79166666666666,159.72916666666666,3.5349,3.8781,19,3,Sunday,6,True
2023-03-20,29426.875,1525.4583333333333,579.0,180.60416666666666,181.14583333333334,3.3642,3.7597,20,3,Monday,0,False
2023-03-21,27189.479166666668,2717.3333333333335,1402.3333333333333,96.9375,97.89583333333333,3.2671,3.6319,21,3,Tuesday,1,False
2023-03-22,25517.416666666668,3902.5208333333335,1704.2083333333333,66.25,66.97916666666667,3.2357,3.5397,22,3,Wednesday,2,False
2023-03-23,26422.416666666668,2828.7291666666665,1549.8125,68.89583333333333,73.75,3.4552,3.4494,23,3,Thursday,3,False
2023-03-24,25533.3125,2841.625,1987.2916666666667,74.125,61.770833333333336,3.5515,3.4187,24,3,Friday,4,False
2023-03-25,24140.416666666668,2226.8958333333335,1704.3125,98.10416666666667,97.14583333333333,3.6028,3.4181,25,3,Saturday,5,True
2023-03-26,26073.369565217392,1522.4347826086955,1046.7173913043478,138.39583333333334,128.54166666666666,3.681,3.4302,26,3,Sunday,6,True
2023-03-27,28696.479166666668,706.3958333333334,2405.3541666666665,194.45833333333334,188.70833333333334,3.4372,3.4511,27,3,Monday,0,False
2023-03-28,30133.979166666668,2036.1041666666667,483.5625,145.66666666666666,143.3125,3.6083,3.4615,28,3,Tuesday,1,False
2023-03-29,29147.708333333332,2110.3958333333335,558.3541666666666,129.66666666666666,126.52083333333333,3.5781,3.5102,29,3,Wednesday,2,False
2023-03-30,26565.333333333332,1963.625,1763.5833333333333,109.25,106.14583333333333,3.5198,3.5592,30,3,Thursday,3,False
2023-03-31,27523.125,2099.5,758.0,121.3125,120.0,3.872,3.5684,31,3,Friday,4,False
2023-04-01,25677.854166666668,1478.6458333333333,919.8541666666666,120.27083333333333,116.16666666666667,3.9539,3.6142,1,4,Saturday,5,True
2023-04-02,24590.395833333332,892.625,1974.7708333333333,152.4375,155.66666666666666,3.9331,3.6643,2,4,Sunday,6,True
2023-04-03,26785.625,1409.25,3061.4791666666665,163.27083333333334,163.5625,4.0326,3.7003,3,4,Monday,0,False
2023-04-04,26604.291666666668,1420.3125,3200.2083333333335,180.22916666666666,187.54166666666666,3.8605,3.7854,4,4,Tuesday,1,False
2023-04-05,28788.895833333332,1402.7291666666667,1127.9375,207.0625,211.33333333333334,3.8524,3.8214,5,4,Wednesday,2,False
2023-04-06,26325.145833333332,1795.3125,1966.8333333333333,162.60416666666666,167.39583333333334,3.4216,3.8606,6,4,Thursday,3,False
2023-04-07,23369.604166666668,658.6041666666666,3089.4166666666665,191.08333333333334,190.60416666666666,3.4842,3.8466,7,4,Friday,4,False
2023-04-08,22333.0,970.3541666666666,2723.4166666666665,183.79166666666666,181.97916666666666,3.4248,3.7912,8,4,Saturday,5,True
2023-04-09,21418.020833333332,2169.125,2220.9583333333335,118.5,115.0,3.4209,3.7156,9,4,Sunday,6,True
2023-04-10,21682.291666666668,2971.9166666666665,1747.5833333333333,63.1875,60.479166666666664,3.2771,3.6424,10,4,Monday,0,False
2023-04-11,25165.3125,3148.4791666666665,1756.4375,96.29166666666667,100.125,3.4141,3.5345,11,4,Tuesday,1,False
2023-04-12,26211.8125,3393.8125,1872.4375,90.52083333333333,96.45833333333333,3.513,3.4707,12,4,Wednesday,2,False
2023-04-13,25790.520833333332,2111.6041666666665,2587.125,115.77083333333333,121.35416666666667,3.4194,3.4222,13,4,Thursday,3,False
2023-04-14,28561.541666666668,745.8541666666666,1307.9791666666667,233.45833333333334,231.58333333333334,3.4185,3.4219,14,4,Friday,4,False
2023-04-15,24640.0625,635.9791666666666,2343.8333333333335,185.83333333333334,181.35416666666666,3.3345,3.4125,15,4,Saturday,5,True
2023-04-16,24568.875,847.5625,1532.7916666666667,193.75,194.5625,3.4262,3.3996,16,4,Sunday,6,True
2023-04-17,27269.645833333332,696.9583333333334,1747.6875,229.95833333333334,226.85416666666666,3.4138,3.4004,17,4,Monday,0,False
2023-04-18,25842.25,1874.9375,2654.6041666666665,140.33333333333334,136.20833333333334,3.4168,3.4199,18,4,Tuesday,1,False
2023-04-19,25252.583333333332,2448.5208333333335,2420.6875,107.52083333333333,103.02083333333333,3.1113,3.4203,19,4,Wednesday,2,False
2023-04-20,24183.6875,2237.7291666666665,3425.8958333333335,120.70833333333333,120.52083333333333,3.2708,3.3629,20,4,Thursday,3,False
2023-04-21,26604.3125,1966.125,1462.6666666666667,160.3125,161.125,3.3418,3.3417,21,4,Friday,4,False
2023-04-22,24350.083333333332,1149.2083333333333,1951.0,162.60416666666666,156.64583333333334,3.3697,3.3307,22,4,Saturday,5,True
2023-04-23,24254.125,1486.1458333333333,1598.6458333333333,129.66666666666666,124.8125,3.3897,3.3358,23,4,Sunday,6,True
2023-04-24,27806.979166666668,1786.25,1705.9791666666667,144.0625,146.85416666666666,3.3062,3.3306,24,4,Monday,0,False
2023-04-25,27287.208333333332,790.1666666666666,3048.1041666666665,198.625,201.25,3.282,3.3152,25,4,Tuesday,1,False
2023-04-26,28512.625,524.5416666666666,1840.6458333333333,243.52083333333334,244.0625,3.1606,3.2959,26,4,Wednesday,2,False
2023-04-27,28515.0625,1666.5625,1139.25,189.5625,185.64583333333334,3.1993,3.303,27,4,Thursday,3,False
2023-04-28,27099.145833333332,956.7708333333334,1495.5416666666667,195.41666666666666,193.8125,3.0995,3.2928,28,4,Friday,4,False
2023-04-29,23288.541666666668,576.5833333333334,2538.9583333333335,214.9375,205.72916666666666,3.043,3.2581,29,4,Saturday,5,True
2023-04-30,22860.541666666668,996.3125,1804.3333333333333,153.60416666666666,144.47916666666666,2.9564,3.2115,30,4,Sunday,6,True
2023-05-01,22914.958333333332,1193.375,2063.6041666666665,148.5625,149.41666666666666,3.0494,3.1496,1,5,Monday,0,False
2023-05-02,25997.270833333332,669.6458333333334,2079.3333333333335,218.39583333333334,219.25,3.0453,3.1129,2,5,Tuesday,1,False
2023-05-03,24128.708333333332,1546.2916666666667,3270.5416666666665,166.04166666666666,155.0,2.8993,3.0791,3,5,Wednesday,2,False
2023-05-04,23962.708333333332,2832.6458333333335,2354.3333333333335,92.6875,96.375,2.8282,3.0417,4,5,Thursday,3,False
2023-05-05,24915.6875,1538.4166666666667,1973.5625,154.97916666666666,163.54166666666666,2.8455,2.9887,5,5,Friday,4,False
2023-05-06,23618.604166666668,787.0,1274.7083333333333,181.125,189.64583333333334,3.0241,2.9524,6,5,Saturday,5,True
2023-05-07,21408.604166666668,784.1875,2423.0,145.75,141.9375,2.9153,2.9497,7,5,Sunday,6,True
2023-05-08,22966.416666666668,1579.6875,1010.0208333333334,135.1875,134.25,3.0113,2.9439,8,5,Monday,0,False
2023-05-09,25525.5625,752.25,1967.8541666666667,198.77083333333334,196.125,3.0073,2.9384,9,5,Tuesday,1,False
2023-05-10,24995.708333333332,1087.875,2447.1875,195.375,198.60416666666666,2.8513,2.933,10,5,Wednesday,2,False
2023-05-11,25283.9375,537.8541666666666,2331.9791666666665,230.52083333333334,227.4375,2.831,2.9261,11,5,Thursday,3,False
2023-05-12,24770.708333333332,1388.1041666666667,1641.0416666666667,156.9375,151.52083333333334,2.7027,2.9265,12,5,Friday,4,False
2023-05-13,21975.520833333332,785.5208333333334,2424.6875,143.6875,144.89583333333334,2.7062,2.9061,13,5,Saturday,5,True
2023-05-14,21121.020833333332,955.4791666666666,2551.4375,157.375,154.27083333333334,2.6571,2.8607,14,5,Sunday,6,True
2023-05-15,22879.5,1728.0208333333333,3083.1875,126.8125,125.14583333333333,2.4804,2.8238,15,5,Monday,0,False
2023-05-16,24164.270833333332,1422.0,3087.6875,146.35416666666666,145.85416666666666,2.5115,2.748,16,5,Tuesday,1,False
2023-05-17,25023.958333333332,653.9583333333334,2603.8541666666665,196.875,197.54166666666666,2.4362,2.6772,17,5,Wednesday,2,False
2023-05-18,24293.375,684.9375,2745.9791666666665,178.54166666666666,179.89583333333334,2.2631,2.6179,18,5,Thursday,3,False
2023-05-19,24584.333333333332,657.4791666666666,2180.1041666666665,196.41666666666666,180.5,2.1833,2.5367,19,5,Friday,4,False
2023-05-20,19932.145833333332,903.375,3583.0625,111.875,102.75,2.281,2.4625,20,5,Saturday,5,True
2023-05-21,19689.166666666668,774.8333333333334,3337.4375,106.08333333333333,103.47916666666667,2.1997,2.4018,21,5,Sunday,6,True
2023-05-22,22650.270833333332,1316.6458333333333,2889.7083333333335,116.5,115.52083333333333,2.2011,2.3365,22,5,Monday,0,False
2023-05-23,23575.6875,970.5,2752.4583333333335,135.54166666666666,136.22916666666666,2.2949,2.2966,23,5,Tuesday,1,False
2023-05-24,22494.166666666668,1189.3541666666667,3636.5625,154.70833333333334,153.27083333333334,2.2564,2.2656,24,5,Wednesday,2,False
2023-05-25,23577.229166666668,739.7916666666666,2842.2708333333335,161.0,154.77083333333334,2.1022,2.2399,25,5,Thursday,3,False
2023-05-26,22230.625,656.6666666666666,3586.2291666666665,149.08333333333334,144.0625,1.9888,2.2169,26,5,Friday,4,False
2023-05-27,18872.166666666668,1136.4583333333333,3744.7916666666665,106.0,97.33333333333333,2.1339,2.1892,27,5,Saturday,5,True
2023-05-28,18846.666666666668,1019.375,3068.1041666666665,92.14583333333333,84.125,2.0911,2.1681,28,5,Sunday,6,True
2023-05-29,19032.770833333332,1249.7708333333333,3502.7916666666665,79.0625,76.22916666666667,2.0942,2.1526,29,5,Monday,0,False
2023-05-30,22430.416666666668,1197.5625,2891.9375,118.95833333333333,119.9375,2.0764,2.1374,30,5,Tuesday,1,False
2023-05-31,23409.979166666668,1317.3541666666667,2041.2291666666667,143.22916666666666,142.125,2.166,2.1061,31,5,Wednesday,2,False
2023-06-01,22907.0625,1405.4166666666667,2530.0,129.10416666666666,129.29166666666666,2.0401,2.0932,1,6,Thursday,3,False
2023-06-02,21421.645833333332,1141.6458333333333,3557.1458333333335,131.64583333333334,134.375,1.9442,2.0844,2,6,Friday,4,False
2023-06-03,18828.291666666668,835.2291666666666,3747.1875,124.5,124.41666666666667,1.9227,2.0779,3,6,Saturday,5,True
2023-06-04,18681.4375,842.2083333333334,3752.0208333333335,133.10416666666666,133.5,2.009,2.0478,4,6,Sunday,6,True
2023-06-05,22691.875,928.125,2781.8125,176.5625,175.91666666666666,2.3043,2.0361,5,6,Monday,0,False
2023-06-06,23936.395833333332,1015.9375,1897.4791666666667,191.29166666666666,192.0,2.2804,2.0661,6,6,Tuesday,1,False
2023-06-07,23022.5625,1094.0833333333333,3070.6041666666665,158.75,164.64583333333334,2.2317,2.0952,7,6,Wednesday,2,False
2023-06-08,21826.770833333332,1622.4583333333333,3569.0208333333335,123.45833333333333,144.70833333333334,2.2173,2.1046,8,6,Thursday,3,False
2023-06-09,21394.6875,1756.8541666666667,3498.4166666666665,111.25,112.875,2.5993,2.1299,9,6,Friday,4,False
2023-06-10,20107.770833333332,1463.4583333333333,3037.5,85.14583333333333,87.02083333333333,2.7737,2.2235,10,6,Saturday,5,True
2023-06-11,20743.791666666668,657.0416666666666,2761.0416666666665,166.27083333333334,170.77083333333334,2.8773,2.3451,11,6,Sunday,6,True
2023-06-12,24144.479166666668,544.7083333333334,2942.4166666666665,213.5,215.10416666666666,2.7726,2.4691,12,6,Monday,0,False
2023-06-13,23095.666666666668,1049.4375,3726.3541666666665,182.125,182.39583333333334,2.8777,2.536,13,6,Tuesday,1,False
2023-06-14,22927.5,1117.6666666666667,3865.625,167.6875,172.5,3.2257,2.6214,14,6,Wednesday,2,False
2023-06-15,23338.979166666668,783.875,3677.375,205.91666666666666,209.66666666666666,3.5064,2.7634,15,6,Thursday,3,False
2023-06-16,22983.5,545.5625,3506.8125,221.75,226.125,2.9587,2.9475,16,6,Friday,4,False
2023-06-17,21205.770833333332,630.1875,2400.125,200.6875,203.83333333333334,2.9445,2.9989,17,6,Saturday,5,True
2023-06-18,21191.104166666668,836.0,2071.1875,160.33333333333334,168.4375,2.9119,3.0233,18,6,Sunday,6,True
2023-06-19,22804.145833333332,1471.4375,3142.3541666666665,178.83333333333334,183.20833333333334,2.927,3.0282,19,6,Monday,0,False
2023-06-20,25312.479166666668,750.5,1880.2708333333333,212.47916666666666,212.25,3.26,3.0503,20,6,Tuesday,1,False
2023-06-21,23610.833333333332,1001.7083333333334,3102.4375,217.4375,219.27083333333334,3.2578,3.1049,21,6,Wednesday,2,False
2023-06-22,24225.708333333332,498.8125,3238.2708333333335,236.91666666666666,232.0,2.9917,3.1095,22,6,Thursday,3,False
2023-06-23,23344.270833333332,1370.1875,2687.5416666666665,180.89583333333334,179.47916666666666,2.8461,3.0359,23,6,Friday,4,False
2023-06-24,20488.958333333332,1402.2083333333333,2745.0,121.875,120.95833333333333,2.9502,3.0199,24,6,Saturday,5,True
2023-06-25,19656.458333333332,2026.9583333333333,3137.25,98.72916666666667,103.4375,2.994,3.0207,25,6,Sunday,6,True
2023-06-26,22029.895833333332,1813.7083333333333,3091.625,122.64583333333333,119.77083333333333,2.9258,3.0324,26,6,Monday,0,False
2023-06-27,24670.833333333332,1437.5625,1302.25,175.52083333333334,172.91666666666666,2.9166,3.0322,27,6,Tuesday,1,False
2023-06-28,25245.020833333332,991.0625,1384.1875,208.375,206.29166666666666,2.898,2.9832,28,6,Wednesday,2,False
2023-06-29,23164.208333333332,1146.3958333333333,2985.6875,180.83333333333334,182.375,2.8786,2.9318,29,6,Thursday,3,False
2023-06-30,23466.895833333332,1732.5416666666667,1237.0625,122.02083333333333,123.27083333333333,3.0051,2.9156,30,6,Friday,4,False
2023-07-01,18466.833333333332,3108.7083333333335,2404.5416666666665,68.27083333333333,76.66666666666667,3.251,2.9383,1,7,Saturday,5,True
2023-07-02,17714.729166666668,3013.2708333333335,2531.7708333333335,74.08333333333333,78.54166666666667,3.2729,2.9813,2,7,Sunday,6,True
2023-07-03,21194.0625,2879.1875,2428.7708333333335,70.375,72.29166666666667,3.0712,3.0211,3,7,Monday,0,False
2023-07-04,23979.1875,1327.6041666666667,1585.2291666666667,133.70833333333334,133.6875,2.929,3.0419,4,7,Tuesday,1,False
2023-07-05,22934.895833333332,1402.6666666666667,2581.9791666666665,124.27083333333333,126.20833333333333,2.8748,3.0437,5,7,Wednesday,2,False
2023-07-06,22478.166666666668,1744.0416666666667,2740.4791666666665,144.60416666666666,146.39583333333334,2.6464,3.0404,6,7,Thursday,3,False
2023-07-07,21323.729166666668,2367.2708333333335,3668.5625,108.8125,110.125,2.7218,3.0072,7,7,Friday,4,False
2023-07-08,21559.1875,1547.5,1677.9375,116.10416666666667,122.70833333333333,2.7663,2.9667,8,7,Saturday,5,True
2023-07-09,20361.145833333332,888.4166666666666,2467.4583333333335,159.75,159.70833333333334,2.7941,2.8975,9,7,Sunday,6,True
2023-07-10,23119.645833333332,1644.0833333333333,2103.9375,174.04166666666666,176.79166666666666,2.6142,2.8291,10,7,Monday,0,False
2023-07-11,23212.479166666668,1949.9791666666667,2005.0625,150.0625,155.0625,2.4928,2.7638,11,7,Tuesday,1,False
2023-07-12,22407.854166666668,1926.125,2634.3125,142.77083333333334,155.04166666666666,2.2734,2.7015,12,7,Wednesday,2,False
2023-07-13,23374.833333333332,1154.625,2467.2083333333335,184.125,185.875,2.1875,2.6156,13,7,Thursday,3,False
2023-07-14,24028.625,2228.3333333333335,787.6458333333334,152.6875,149.02083333333334,2.1788,2.55,14,7,Friday,4,False
2023-07-15,18780.333333333332,3346.2291666666665,2594.3125,58.979166666666664,62.125,2.0175,2.4724,15,7,Saturday,5,True
2023-07-16,17970.4375,3389.0833333333335,2514.1458333333335,79.47916666666667,80.85416666666667,1.9735,2.3655,16,7,Sunday,6,True
2023-07-17,22086.6875,1707.8958333333333,2996.1666666666665,127.9375,136.0625,2.0301,2.2482,17,7,Monday,0,False
2023-07-18,24255.020833333332,645.625,1937.9375,219.02083333333334,222.8125,2.2726,2.1648,18,7,Tuesday,1,False
2023-07-19,23706.583333333332,792.25,2593.0,208.14583333333334,209.89583333333334,2.3116,2.1333,19,7,Wednesday,2,False
2023-07-20,23434.333333333332,685.2708333333334,2651.8541666666665,212.3125,213.14583333333334,2.3818,2.1388,20,7,Thursday,3,False
2023-07-21,23050.083333333332,889.7708333333334,2273.1666666666665,203.6875,208.10416666666666,2.4349,2.1666,21,7,Friday,4,False
2023-07-22,21398.770833333332,1619.9791666666667,938.4375,117.29166666666667,117.9375,2.3859,2.2031,22,7,Saturday,5,True
2023-07-23,19421.916666666668,2312.0208333333335,2167.625,83.9375,88.97916666666667,2.2955,2.2558,23,7,Sunday,6,True
2023-07-24,23286.854166666668,1239.9583333333333,1678.1875,170.27083333333334,172.10416666666666,2.4476,2.3018,24,7,Monday,0,False
2023-07-25,22797.4375,861.375,2518.4791666666665,209.22916666666666,208.64583333333334,2.7308,2.3614,25,7,Tuesday,1,False
2023-07-26,23122.1875,1208.1041666666667,2320.6041666666665,183.66666666666666,184.8125,2.5213,2.4269,26,7,Wednesday,2,False
2023-07-27,24076.041666666668,1345.625,1664.6666666666667,170.97916666666666,170.39583333333334,2.3802,2.4568,27,7,Thursday,3,False
2023-07-28,22926.708333333332,1161.8958333333333,1897.7916666666667,195.20833333333334,194.08333333333334,2.1854,2.4566,28,7,Friday,4,False
2023-07-29,18209.145833333332,2396.0833333333335,2804.4375,92.16666666666667,94.60416666666667,2.0573,2.421,29,7,Saturday,5,True
2023-07-30,19081.333333333332,2764.9791666666665,1576.7708333333333,91.375,97.27083333333333,2.0454,2.374,30,7,Sunday,6,True
2023-07-31,23180.729166666668,2040.9583333333333,1006.0208333333334,114.25,111.66666666666667,2.1052,2.3383,31,7,Monday,0,False
2023-08-01,22746.833333333332,1554.0208333333333,2014.0416666666667,149.375,148.72916666666666,2.2661,2.2894,1,8,Tuesday,1,False
2023-08-02,22979.4375,2087.5208333333335,1643.3333333333333,105.33333333333333,104.85416666666667,2.3286,2.223,2,8,Wednesday,2,False
2023-08-03,22583.770833333332,1859.0625,2150.5208333333335,115.72916666666667,117.52083333333333,2.5563,2.1955,3,8,Thursday,3,False
2023-08-04,22690.104166666668,1117.1041666666667,1823.6875,187.10416666666666,188.16666666666666,2.4855,2.2206,4,8,Friday,4,False
2023-08-05,21168.958333333332,1417.8958333333333,1136.875,168.4375,165.91666666666666,2.4197,2.2635,5,8,Saturday,5,True
2023-08-06,19489.041666666668,1276.9375,2547.4375,99.22916666666667,101.91666666666667,2.4008,2.3153,6,8,Sunday,6,True
2023-08-07,21856.416666666668,1162.2708333333333,2722.8958333333335,144.75,144.91666666666666,2.4033,2.366,7,8,Monday,0,False
2023-08-08,23460.625,1439.2083333333333,1655.8958333333333,149.25,150.125,2.4525,2.4086,8,8,Tuesday,1,False
2023-08-09,23132.729166666668,803.3125,2817.1041666666665,191.8125,192.41666666666666,2.9852,2.4352,9,8,Wednesday,2,False
2023-08-10,23485.833333333332,917.2291666666666,2901.4791666666665,196.89583333333334,197.08333333333334,2.9459,2.529,10,8,Thursday,3,False
2023-08-11,21833.916666666668,2196.25,2723.0833333333335,108.375,117.16666666666667,2.7892,2.5847,11,8,Friday,4,False
2023-08-12,19464.6875,2722.5833333333335,1929.1875,89.0,96.95833333333333,2.7947,2.6281,12,8,Saturday,5,True
2023-08-13,19824.916666666668,1791.8125,1945.4166666666667,109.77083333333333,118.10416666666667,2.9078,2.6817,13,8,Sunday,6,True
2023-08-14,23723.833333333332,1404.875,1516.1041666666667,163.70833333333334,163.35416666666666,2.8159,2.7541,14,8,Monday,0,False
2023-08-15,23513.020833333332,728.7291666666666,2594.7708333333335,200.14583333333334,200.39583333333334,3.0605,2.813,15,8,Tuesday,1,False
2023-08-16,23874.916666666668,396.6875,2773.4375,235.08333333333334,228.70833333333334,3.0187,2.8999,16,8,Wednesday,2,False
2023-08-17,23181.354166666668,1808.3541666666667,2438.5625,157.875,157.45833333333334,2.8874,2.9047,17,8,Thursday,3,False
2023-08-18,23313.583333333332,2704.4166666666665,1114.75,129.60416666666666,135.375,2.9167,2.8963,18,8,Friday,4,False
2023-08-19,18695.6875,3501.0416666666665,2488.4375,88.6875,89.375,3.0703,2.9145,19,8,Saturday,5,True
2023-08-20,19472.416666666668,1628.6041666666667,2582.1041666666665,124.52083333333333,129.72916666666666,3.3067,2.9539,20,8,Sunday,6,True
2023-08-21,22161.916666666668,2372.7291666666665,2388.1458333333335,138.66666666666666,148.0625,3.3353,3.0109,21,8,Monday,0,False
2023-08-22,22444.791666666668,2012.3333333333333,2582.6666666666665,172.22916666666666,179.72916666666666,3.6002,3.0851,22,8,Tuesday,1,False
2023-08-23,23981.333333333332,655.4375,2441.25,227.625,240.6875,3.2802,3.1622,23,8,Wednesday,2,False
2023-08-24,24378.833333333332,755.5,1871.6666666666667,225.9375,232.64583333333334,2.8656,3.1995,24,8,Thursday,3,False
2023-08-25,23185.291666666668,757.9583333333334,2084.3958333333335,211.1875,216.75,2.8888,3.1964,25,8,Friday,4,False
2023-08-26,20615.208333333332,626.6458333333334,2133.6875,175.8125,174.52083333333334,2.9721,3.1924,26,8,Saturday,5,True
2023-08-27,20137.104166666668,997.6458333333334,1864.4166666666667,133.16666666666666,132.20833333333334,2.9199,3.1784,27,8,Sunday,6,True
2023-08-28,20964.395833333332,922.4583333333334,1886.1666666666667,169.91666666666666,174.20833333333334,3.1787,3.1232,28,8,Monday,0,False
2023-08-29,23687.375,1300.4583333333333,1442.5208333333333,173.79166666666666,173.41666666666666,3.1241,3.1008,29,8,Tuesday,1,False
2023-08-30,23333.083333333332,1123.5625,2351.75,166.5,170.47916666666666,3.0792,3.0328,30,8,Wednesday,2,False
2023-08-31,24972.8125,614.3333333333334,1515.8333333333333,218.95833333333334,215.47916666666666,2.9442,3.0041,31,8,Thursday,3,False
2023-09-01,24129.5,554.7708333333334,1655.3958333333333,221.27083333333334,218.75,3.0157,3.0153,1,9,Friday,4,False
2023-09-02,21237.5625,550.3333333333334,2237.6458333333335,190.39583333333334,185.14583333333334,3.0688,3.0334,2,9,Saturday,5,True
2023-09-03,20072.958333333332,1071.3958333333333,2808.125,130.14583333333334,126.5625,3.0491,3.0472,3,9,Sunday,6,True
2023-09-04,23880.25,867.25,3069.7083333333335,176.1875,172.375,2.8197,3.0657,4,9,Monday,0,False
2023-09-05,24770.8125,1167.6875,2986.875,194.375,195.20833333333334,2.7611,3.0144,5,9,Tuesday,1,False
2023-09-06,25927.354166666668,603.4583333333334,2474.0416666666665,218.52083333333334,219.22916666666666,2.6865,2.9625,6,9,Wednesday,2,False
2023-09-07,25925.916666666668,547.1666666666666,2390.6875,231.8125,229.41666666666666,2.6797,2.9064,7,9,Thursday,3,False
2023-09-08,25713.604166666668,275.5416666666667,2127.3541666666665,253.64583333333334,251.3125,2.8402,2.8687,8,9,Friday,4,False
2023-09-09,22874.208333333332,503.875,2464.9375,205.29166666666666,202.1875,3.0924,2.8436,9,9,Saturday,5,True
2023-09-10,23430.5,453.75,1479.125,216.22916666666666,211.3125,3.1562,2.847,10,9,Sunday,6,True
2023-09-11,25479.208333333332,1061.2916666666667,1607.7916666666667,213.875,215.64583333333334,3.1864,2.8623,11,9,Monday,0,False
2023-09-12,26065.6875,948.0416666666666,1075.1458333333333,229.9375,231.625,3.0152,2.9146,12,9,Tuesday,1,False
2023-09-13,24345.791666666668,1120.5833333333333,2184.5416666666665,178.47916666666666,181.95833333333334,3.1623,2.9509,13,9,Wednesday,2,False
2023-09-14,24401.583333333332,1461.1875,1732.1666666666667,182.41666666666666,186.20833333333334,3.1582,3.0189,14,9,Thursday,3,False
2023-09-15,24633.0,594.7916666666666,2201.9375,203.29166666666666,195.04166666666666,3.1734,3.0873,15,9,Friday,4,False
2023-09-16,22186.395833333332,1362.2291666666667,1423.3125,143.39583333333334,142.77083333333334,3.2499,3.1349,16,9,Saturday,5,True
2023-09-17,22254.3125,1585.375,769.4791666666666,126.97916666666667,125.875,3.2215,3.1574,17,9,Sunday,6,True
2023-09-18,23905.083333333332,2554.375,1572.4375,69.20833333333333,67.08333333333333,3.0382,3.1667,18,9,Monday,0,False
2023-09-19,24521.583333333332,3490.25,651.4166666666666,59.833333333333336,61.1875,3.1978,3.1455,19,9,Tuesday,1,False
2023-09-20,24362.8125,4057.6666666666665,697.5416666666666,78.6875,71.8125,3.2031,3.1716,20,9,Wednesday,2,False
2023-09-21,24795.0625,1659.625,1921.9375,149.6875,146.125,3.324,3.1774,21,9,Thursday,3,False
2023-09-22,24317.020833333332,1462.5833333333333,1925.6875,137.6875,133.6875,3.4909,3.2011,22,9,Friday,4,False
2023-09-23,21920.125,1199.9375,2020.4583333333333,138.02083333333334,136.9375,3.4761,3.2465,23,9,Saturday,5,True
2023-09-24,20508.1875,3803.2916666666665,968.875,56.666666666666664,59.041666666666664,3.471,3.2788,24,9,Sunday,6,True
2023-09-25,22903.75,2899.9791666666665,2267.4166666666665,107.1875,117.625,3.5758,3.3144,25,9,Monday,0,False
2023-09-26,24677.3125,2428.2291666666665,1649.3958333333333,127.64583333333333,146.41666666666666,3.3762,3.3912,26,9,Tuesday,1,False
2023-09-27,25380.520833333332,2782.8541666666665,764.875,138.97916666666666,137.58333333333334,3.48,3.4167,27,9,Wednesday,2,False
2023-09-28,24510.333333333332,3188.4375,804.3958333333334,95.85416666666667,106.35416666666667,3.4764,3.4562,28,9,Thursday,3,False
2023-09-29,22552.270833333332,2622.5208333333335,2269.3958333333335,101.60416666666667,105.39583333333333,3.3627,3.4781,29,9,Friday,4,False
2023-09-30,22460.354166666668,1425.2708333333333,1108.6875,162.75,161.66666666666666,3.3641,3.4597,30,9,Saturday,5,True
2023-10-01,22688.0625,1755.0,857.6458333333334,113.0,118.60416666666667,3.3464,3.4437,1,10,Sunday,6,True
2023-10-02,26218.583333333332,1076.1041666666667,700.5833333333334,204.83333333333334,196.4375,2.9765,3.4259,2,10,Monday,0,False
2023-10-03,23956.354166666668,2654.6666666666665,1810.5833333333333,65.25,66.9375,2.5349,3.3403,3,10,Tuesday,1,False
2023-10-04,24350.6875,2690.7916666666665,1362.2708333333333,79.5,83.54166666666667,2.5818,3.2201,4,10,Wednesday,2,False
2023-10-05,25148.229166666668,2318.4166666666665,1091.0416666666667,117.25,120.27083333333333,2.302,3.0918,5,10,Thursday,3,False
2023-10-06,23404.0625,2996.5208333333335,1445.1041666666667,74.79166666666667,77.125,2.7031,2.9241,6,10,Friday,4,False
2023-10-07,21807.375,1835.8958333333333,1544.7916666666667,88.95833333333333,90.14583333333333,2.8659,2.8298,7,10,Saturday,5,True
2023-10-08,21540.875,1281.6666666666667,1699.1458333333333,129.54166666666666,135.20833333333334,2.987,2.7587,8,10,Sunday,6,True
2023-10-09,25105.604166666668,791.7916666666666,1574.6458333333333,204.66666666666666,204.70833333333334,3.1121,2.7073,9,10,Monday,0,False
2023-10-10,24320.6875,2523.2291666666665,1363.1875,118.52083333333333,120.58333333333333,3.6963,2.7267,10,10,Tuesday,1,False
2023-10-11,25308.9375,2447.6458333333335,589.25,112.3125,119.0,3.8806,2.8926,11,10,Wednesday,2,False
2023-10-12,27120.375,837.0625,816.9583333333334,222.70833333333334,226.27083333333334,4.1613,3.0781,12,10,Thursday,3,False
2023-10-13,25184.125,2877.6666666666665,823.2083333333334,72.5,88.64583333333333,4.5498,3.3438,13,10,Friday,4,False
2023-10-14,21708.104166666668,2572.4166666666665,1932.6458333333333,62.5,69.70833333333333,4.5149,3.6076,14,10,Saturday,5,True
2023-10-15,23212.708333333332,1155.1875,2162.0208333333335,121.08333333333333,125.04166666666667,4.568,3.8431,15,10,Sunday,6,True
2023-10-16,28631.729166666668,766.4791666666666,1129.6458333333333,233.85416666666666,233.64583333333334,4.2428,4.069,16,10,Monday,0,False
2023-10-17,26742.583333333332,2219.1041666666665,1621.2083333333333,138.04166666666666,136.0,3.6429,4.2305,17,10,Tuesday,1,False
2023-10-18,26403.708333333332,3928.2916666666665,689.3125,63.770833333333336,67.14583333333333,3.7466,4.2229,18,10,Wednesday,2,False
2023-10-19,26598.875,2999.2708333333335,732.8333333333334,86.58333333333333,118.10416666666667,3.5793,4.2038,19,10,Thursday,3,False
2023-10-20,26205.041666666668,3618.3541666666665,410.3541666666667,68.45454545454545,86.6590909090909,3.76,4.1206,20,10,Friday,4,False
2023-10-22,23743.666666666668,779.8541666666666,1675.3125,253.44444444444446,243.11111111111111,4.0656,3.922,22,10,Sunday,6,True
2023-10-23,27593.104166666668,1257.8541666666667,854.5416666666666,218.52083333333334,213.125,4.1938,3.8502,23,10,Monday,0,False
2023-10-24,28330.625,941.4166666666666,912.9166666666666,202.20833333333334,200.20833333333334,4.0928,3.8432,24,10,Tuesday,1,False
2023-10-25,28684.083333333332,964.6666666666666,1085.7083333333333,225.52083333333334,219.33333333333334,4.1416,3.9075,25,10,Wednesday,2,False
2023-10-26,28666.583333333332,1313.4375,844.8333333333334,197.5,194.875,4.0918,3.9639,26,10,Thursday,3,False
2023-10-27,27565.854166666668,1573.4583333333333,803.8333333333334,182.5625,179.85416666666666,4.1125,4.0371,27,10,Friday,4,False
2023-10-28,24742.6875,2183.8541666666665,784.3958333333334,107.97916666666667,108.0625,4.3452,4.0875,28,10,Saturday,5,True
2023-10-29,24289.38,2506.16,849.54,89.75,89.97916666666667,4.3687,4.149,29,10,Sunday,6,True
2023-10-30,28114.479166666668,1594.125,912.75,162.60416666666666,157.29166666666666,4.346,4.1923,30,10,Monday,0,False
2023-10-31,29240.708333333332,1357.125,713.4375,170.0,161.10416666666666,3.9121,4.2141,31,10,Tuesday,1,False
2023-11-01,28037.25,3017.4791666666665,749.875,80.39583333333333,74.58333333333333,3.2298,4.1883,1,11,Wednesday,2,False
2023-11-02,29034.291666666668,3055.9583333333335,292.6458333333333,88.10416666666667,85.3125,3.4096,4.058,2,11,Thursday,3,False
2023-11-03,28177.604166666668,2177.2916666666665,1078.4583333333333,94.4375,101.5625,3.4636,3.9606,3,11,Friday,4,False
2023-11-04,27362.1875,1115.0,509.3541666666667,157.52083333333334,166.10416666666666,3.6952,3.8679,4,11,Saturday,5,True
2023-11-05,25774.916666666668,1471.7291666666667,1145.6666666666667,151.58333333333334,154.25,3.5633,3.775,5,11,Sunday,6,True
2023-11-06,28918.833333333332,1589.3541666666667,1224.6458333333333,133.35416666666666,131.14583333333334,3.5255,3.1509,6,11,Monday,0,False
2023-11-07,29387.1875,1691.3541666666667,1142.7083333333333,139.45833333333334,140.125,3.5615,3.0337,7,11,Tuesday,1,False
2023-11-08,29899.75,2570.4375,338.8958333333333,115.02083333333333,123.20833333333333,3.5825,2.9836,8,11,Wednesday,2,False
2023-11-09,30452.458333333332,1685.9375,855.4166666666666,155.5,154.375,3.568,3.034,9,11,Thursday,3,False
2023-11-10,30491.208333333332,1340.9166666666667,961.5833333333334,171.5,170.22916666666666,3.5727,3.0566,10,11,Friday,4,False
2023-11-11,27782.208333333332,878.7291666666666,1260.0,181.02083333333334,187.5625,3.5302,3.0722,11,11,Saturday,5,True
2023-11-12,28316.041666666668,1402.5833333333333,326.9583333333333,184.52083333333334,181.375,3.353,3.0486,12,11,Sunday,6,True
2023-11-13,28161.895833333332,3818.1458333333335,814.2083333333334,91.875,89.95833333333333,3.2667,3.5276,13,11,Monday,0,False
2023-11-14,29903.645833333332,2052.6458333333335,371.4583333333333,136.33333333333334,139.875,3.3906,3.4907,14,11,Tuesday,1,False
2023-11-15,29841.0625,1896.8958333333333,949.1666666666666,167.91666666666666,172.47916666666666,3.6165,3.4662,15,11,Wednesday,2,False
2023-11-16,32573.395833333332,537.2916666666666,221.5625,285.125,283.625,3.5951,3.4711,16,11,Thursday,3,False
2023-11-17,30875.395833333332,798.7916666666666,1005.7916666666666,272.1666666666667,263.7708333333333,3.5692,3.475,17,11,Friday,4,False
2023-11-18,26044.708333333332,3121.1666666666665,192.83333333333337,84.91666666666667,81.29166666666667,3.5604,3.4745,18,11,Saturday,5,True
2023-11-19,25380.125,3042.7916666666665,330.5,88.3125,92.89583333333333,3.6003,3.4788,19,11,Sunday,6,True
2023-11-20,29515.125,2010.75,590.9791666666666,172.85416666666666,178.79166666666666,3.7919,3.5141,20,11,Monday,0,False
2023-11-21,30822.166666666668,1629.5208333333333,340.3541666666667,207.02083333333334,212.89583333333334,3.8561,3.5891,21,11,Tuesday,1,False
2023-11-22,29876.979166666668,2956.1458333333335,254.14583333333337,151.77083333333334,151.16666666666666,3.8686,3.6556,22,11,Wednesday,2,False
2023-11-23,27921.270833333332,4112.104166666667,723.8541666666666,77.79166666666667,77.9375,4.0511,3.6917,23,11,Thursday,3,False
2023-11-24,29420.5,2735.2708333333335,794.9791666666666,102.70833333333333,104.6875,4.1659,3.7568,24,11,Friday,4,False
2023-11-25,29906.958333333332,913.2916666666666,1154.7291666666667,166.6875,168.125,4.1504,3.842,25,11,Saturday,5,True
2023-11-26,30793.270833333332,617.9166666666666,200.22916666666663,236.02083333333334,230.27083333333334,4.1593,3.9263,26,11,Sunday,6,True
2023-11-27,32639.5,1739.5416666666667,253.9375,200.79166666666666,196.39583333333334,3.9934,3.412,27,11,Monday,0,False
2023-11-28,33215.854166666664,901.6458333333334,847.0,211.10416666666666,211.97916666666666,3.8446,3.4408,28,11,Tuesday,1,False
2023-11-29,34665.0625,696.4166666666666,770.625,246.0,249.10416666666666,3.6292,3.4391,29,11,Wednesday,2,False
2023-11-30,35367.125,1126.6875,739.1875,263.2916666666667,267.9166666666667,3.7015,3.4049,30,11,Thursday,3,False
2023-12-01,36019.0625,441.9375,840.0,285.5833333333333,283.625,3.7111,3.355,1,12,Friday,4,False
2023-12-02,33826.9375,583.2291666666666,454.7083333333333,284.8125,277.8541666666667,3.8564,3.29,2,12,Saturday,5,True
2023-12-03,33309.6875,743.0833333333334,119.27083333333331,214.83333333333334,206.5625,3.6017,3.248,3,12,Sunday,6,True
2023-12-04,34835.229166666664,2193.0625,89.77083333333333,177.3125,177.4375,3.4556,3.7626,4,12,Monday,0,False
2023-12-05,35294.6875,1169.3333333333333,262.6041666666667,211.83333333333334,214.54166666666666,3.3141,3.6857,5,12,Tuesday,1,False
2023-12-06,35108.6875,1569.4583333333333,751.875,243.83333333333334,244.33333333333334,3.3199,3.6099,6,12,Wednesday,2,False
2023-12-07,33659.1875,3839.6458333333335,70.5,148.14583333333334,150.83333333333334,3.4006,3.5658,7,12,Thursday,3,False
2023-12-08,32151.479166666668,2402.0833333333335,494.9583333333333,158.95833333333334,156.1875,3.2734,3.5228,8,12,Friday,4,False
2023-12-09,28241.979166666668,3533.0625,258.3125,62.145833333333336,62.270833333333336,3.188,3.4602,9,12,Saturday,5,True
2023-12-10,28660.9375,2644.8958333333335,179.58333333333334,95.64583333333333,95.6875,3.211,3.3648,10,12,Sunday,6,True
2023-12-11,32227.541666666668,1608.4791666666667,476.6666666666667,176.3125,176.85416666666666,3.0761,3.3089,11,12,Monday,0,False
2023-12-12,32514.604166666668,1727.7916666666667,283.8958333333333,198.6875,194.35416666666666,2.9226,3.2547,12,12,Tuesday,1,False
2023-12-13,33237.0,1838.5833333333333,282.9166666666667,188.95833333333334,191.9375,2.8879,3.1988,13,12,Wednesday,2,False
2023-12-14,33542.458333333336,1676.5833333333333,293.7916666666667,201.54166666666666,200.97916666666666,2.8311,3.1371,14,12,Thursday,3,False
2023-12-15,31783.979166666668,2173.7708333333335,212.47916666666663,155.0,153.0625,2.6839,3.0557,15,12,Friday,4,False
2023-12-16,27283.1875,3351.9791666666665,383.625,71.33333333333333,71.41666666666667,2.5297,2.9715,16,12,Saturday,5,True
2023-12-17,26337.4375,3878.1875,333.0625,61.770833333333336,62.625,2.5843,2.8775,17,12,Sunday,6,True
